{"cameraMode":{"drawMode":0,"name":"Shaded","section":"Shading Mode"},"sceneLighting":true,"audioPlay":false,"sceneViewState":{"showFog":true,"showMaterialUpdate":false,"showSkybox":true,"showFlares":true,"showImageEffects":true,"showParticleSystems":true},"in2DMode":false,"pivot":{"x":1.0101174116134644,"y":4.04451847076416,"z":-1.2496254444122315},"rotation":{"x":-0.23363982141017915,"y":-0.6582921743392944,"z":0.226593017578125,"w":-0.678763210773468},"size":21.87201690673828,"orthographic":false}